{
    "banner_openFAQ_Growth": "https://www.hikunpeng.com/zh/learn/growth",
    "banner_openFAQ_GrowthEn": "https://www.hikunpeng.com/en/learn/growth",
    "banner_openFAQ6": "https://www.hikunpeng.com/developer/devkit",
    "banner_openFAQ_java": "https://www.hikunpeng.com/en/developer/devkit",
    "banner_openFAQ4": "https://www.hikunpeng.com/document/detail/zh/kunpengdevps/vscode/usermanual/kunpengidevscode_10_0040.html",
    "banner_openFAQ8": "https://www.hikunpeng.com/document/detail/zh/kunpengdevps/vscode/usermanual/kunpengidevscode_10_0040.html",
    "banner_openFAQ9": "https://bbs.huaweicloud.com/forum/forum-928-1.html",
    "sysConfig_openFAQ1": "https://www.hikunpeng.com/document/detail/zh/kunpengdevps/vscode/usermanual/kunpengidevscode_10_0005.html",
    "freeTrialRemoteEnvZh": "https://www.hikunpeng.com/zh/developer/cloud-lab",
    "freeTrialRemoteEnvEn": "https://www.hikunpeng.com/en/developer/cloud-lab",
    "sysInstall_openFAQ1": "https://www.hikunpeng.com/document/detail/zh/kunpengdevps/vscode/usermanual/kunpengidevscode_10_0005.html",
    "sysInstall_openFAQ2": "https://www.hikunpeng.com/document/detail/zh/kunpengdevps/vscode/usermanual/kunpengidevscode_10_0044.html",
    "sysInstall_openFAQ4": "https://kunpeng-repo.obs.cn-north-4.myhuaweicloud.com/Hyper%20Tuner/Hyper%20Tuner%202.5.RC1.1/Hyper-tuner_2.5.RC1.1_linux.tar.gz",
    "sysInstall_openFAQ5": "https://download.huawei.com/edownload/e/download.do?actionFlag=download&mid=SUPE_SERTOOL_VERSION&nid=TV1100000147&partNo=2005",
    "uninstall_openFAQ1": "https://www.hikunpeng.com/document/detail/zh/kunpengdevps/vscode/usermanual/kunpengidevscode_10_0007.html",
    "uninstall_openFAQ2": "https://www.hikunpeng.com/document/detail/zh/kunpengdevps/vscode/usermanual/kunpengidevscode_10_0044.html",
    "upgrade_openFAQ1": "https://www.hikunpeng.com/document/detail/zh/kunpengdevps/vscode/usermanual/kunpengidevscode_10_0006.html",
    "upgrade_openFAQ2": "https://www.hikunpeng.com/document/detail/zh/kunpengdevps/vscode/usermanual/kunpengidevscode_10_0044.html",
    "vscodeService_openFAQ2": "https://support-it.huawei.com/kunpeng-software-support/#/index/search?tool=tuning",
    "sysLogin_openFAQ1": "https://www.hikunpeng.com/document/detail/zh/kunpengdevps/vscode/usermanual/kunpengidevscode_10_0101.html",
    "sysLogin_openFAQ2": "https://www.hikunpeng.com/document/detail/zh/kunpengdevps/vscode/usermanual/kunpengidevscode_10_0101.html",
    "hikunpengUrl": "https://www.hikunpeng.com/zh/voc?tagindex=0",
    "error_tipFAQ8": "https://www.hikunpeng.com/document/detail/zh/kunpengdevps/vscode/usermanual/kunpengidevscode_10_0066.html",
    "error_tipFAQ9": "https://bbs.huaweicloud.com/forum/thread-34057-1-1.html",
    "checkConn_openFAQ1": "https://www.hikunpeng.com/document/detail/zh/kunpengdevps/vscode/usermanual/kunpengidevscode_10_0043.html",
    "checkConn_openFAQ2": "https://www.hikunpeng.com/document/detail/zh/kunpengdevps/vscode/usermanual/kunpengidevscode_10_0043.html",
    "upgrade_checkConn_openFAQ1": "https://www.hikunpeng.com/document/detail/zh/kunpengdevps/vscode/usermanual/kunpengidevscode_10_0043.html",
    "uninstall_checkConn_openFAQ1": "https://www.hikunpeng.com/document/detail/zh/kunpengdevps/vscode/usermanual/kunpengidevscode_10_0043.html",
    "faqFiveZn": "https://www.hikunpeng.com/document/detail/zh/kunpengdevps/vscode/usermanual/kunpengidevscode_10_0060.html",
    "faqFiveEn": "https://www.hikunpeng.com/document/detail/en/kunpengdevps/vscode/usermanual/kunpengidevscode_10_0060.html"
}